{
  "XGB": 0.5010582010582011,
  "LSTM": 0.535978835978836,
  "GRU": 0.5317460317460317,
  "Transformer": 0.5243386243386243
}